Model,ID,Sequence,Scores,Results
CNNs_gpu,O75459_112,GPEPEADSQEQVHPKTGCERGDGPDVQEL,non-Kcr,35.04%
CNNs_gpu,O60218_22,STKAKMPIVGLGTWKSPLGKVKEAVKVAI,Kcr,57.71%
CNNs_gpu,P55786_712,EGHLDALLRGLVLGKLGKAGHKATLEEAR,Kcr,89.07%
CNNs_gpu,Q8N392_468,LKALLEFLQRVIDNKEKNKMTVMNVAMVM,Kcr,88.09%
CNNs_gpu,Q9Y5Q0_352,ITQMNHIPKEIGHEKHRDWVSSQLAATCN,Kcr,63.91%
CNNs_gpu,Q9NU22_19,LLEVAAAPLRLIAAKNEKSRSELGRFLAK,Kcr,92.73%
CNNs_gpu,P33176_882,RATAERVKALESALKEAKENASRDRKRYQ,Kcr,78.06%
CNNs_gpu,Q96CW1_224,PECKFGMNDKIVIEKQGKGTADETSKSGK,Kcr,85.55%
CNNs_gpu,O95239_1208,KHVATEYQENKAPGKKKKRALASNTSFFS,non-Kcr,3.67%
CNNs_gpu,Q8IWC1_662,DHLKLKDGQQQNETKKKKGWLDQEDQEAP,Kcr,81.39%
CNNs_gpu,Q08211_755,AHNNMTNYATVWASKTNLEQRKGRAGRVR,non-Kcr,40.61%
CNNs_gpu,Q8WZ42_22923,KIKNYIVEKRESTRKAYSTVATNCHKTSW,non-Kcr,5.20%
CNNs_gpu,P30837_379,EQFERVLGYIQLGQKEGAKLLCGGERFGE,Kcr,61.68%
CNNs_gpu,Q9ULH0_1218,VVLLNSLNVDAVCEKLKQIEGLDQSMLPQ,non-Kcr,19.28%
CNNs_gpu,P31327_1425,PSQEGQNPSLSSIRKLIRDGSIDLVINLP,non-Kcr,2.27%
CNNs_gpu,O14646_927,VTKGSVEEDILERAKKKMVLDHLVIQRMD,non-Kcr,1.63%
